{"meta":{"w0_um":5.0,"lambda_um":1.55,"z_max_mm":2.0,"zR_mm":0.05067084925144827,"divergence_deg":5.635478478784573},"z_mm":[-2.0,-1.9919839679358717,-1.9839679358717435,-1.9759519038076152,-1.967935871743487,-1.9599198396793587,-1.9519038076152304,-1.9438877755511024,-1.935871743486974,-1.9278557114228458,-1.9198396793587176,-1.9118236472945893,-1.903807615230461,-1.8957915831663328,-1.8877755511022045,-1.879759519038076,-1.8717434869739478,-1.8637274549098195,-1.8557114228456915,-1.8476953907815632,-1.839679358717435,-1.8316633266533067,-1.8236472945891784,-1.8156312625250501,-1.8076152304609219,-1.7995991983967936,-1.7915831663326653,-1.783567134268537,-1.7755511022044088,-1.7675350701402806,-1.7595190380761525,-1.7515030060120242,-1.743486973947896,-1.7354709418837677,-1.7274549098196395,-1.719438877755511,-1.7114228456913827,-1.7034068136272544,-1.6953907815631262,-1.687374749498998,-1.6793587174348696,-1.6713426853707416,-1.6633266533066133,-1.655310621242485,-1.6472945891783568,-1.6392785571142285,-1.6312625250501003,-1.623246492985972,-1.6152304609218437,-1.6072144288577155,-1.5991983967935872,-1.591182364729459,-1.5831663326653307,-1.5751503006012024,-1.5671342685370742,-1.559118236472946,-1.5511022044088176,-1.5430861723446894,-1.535070140280561,-1.5270541082164328,-1.5190380761523046,-1.5110220440881763,-1.5030060120240483,-1.49498997995992,-1.4869739478957917,-1.4789579158316635,-1.4709418837675352,-1.462925851703407,-1.4549098196392787,-1.4468937875751504,-1.4388777555110221,-1.4308617234468939,-1.4228456913827656,-1.4148296593186374,-1.406813627254509,-1.3987975951903808,-1.3907815631262523,-1.382765531062124,-1.3747494989979958,-1.3667334669338675,-1.3587174348697393,-1.3507014028056112,-1.342685370741483,-1.3346693386773547,-1.3266533066132264,-1.3186372745490982,-1.31062124248497,-1.3026052104208417,-1.2945891783567136,-1.2865731462925853,-1.278557114228457,-1.2705410821643288,-1.2625250501002006,-1.2545090180360723,-1.246492985971944,-1.2384769539078158,-1.2304609218436875,-1.222444889779559,-1.2144288577154307,-1.2064128256513025,-1.1983967935871742,-1.190380761523046,-1.1823647294589177,-1.1743486973947894,-1.1663326653306612,-1.1583166332665331,-1.1503006012024048,-1.1422845691382766,-1.1342685370741483,-1.1262525050100203,-1.118236472945892,-1.1102204408817637,-1.1022044088176355,-1.0941883767535072,-1.086172344689379,-1.0781563126252507,-1.0701402805611224,-1.062124248496994,-1.0541082164328657,-1.0460921843687374,-1.0380761523046091,-1.0300601202404809,-1.0220440881763526,-1.0140280561122246,-1.0060120240480963,-0.997995991983968,-0.9899799599198398,-0.9819639278557115,-0.9739478957915833,-0.965931863727455,-0.9579158316633267,-0.9498997995991985,-0.9418837675350701,-0.9338677354709418,-0.9258517034068136,-0.9178356713426853,-0.909819639278557,-0.9018036072144288,-0.8937875751503005,-0.8857715430861722,-0.877755511022044,-0.8697394789579157,-0.8617234468937875,-0.8537074148296593,-0.845691382765531,-0.837675350701403,-0.8296593186372747,-0.8216432865731464,-0.8136272545090182,-0.8056112224448899,-0.7975951903807617,-0.7895791583166334,-0.7815631262525051,-0.7735470941883767,-0.7655310621242485,-0.7575150300601202,-0.749498997995992,-0.7414829659318637,-0.7334669338677354,-0.7254509018036072,-0.7174348697394789,-0.7094188376753509,-0.7014028056112226,-0.6933867735470942,-0.685370741482966,-0.6773547094188377,-0.6693386773547094,-0.6613226452905812,-0.6533066132264529,-0.6452905811623246,-0.6372745490981964,-0.6292585170340681,-0.6212424849699398,-0.6132264529058116,-0.6052104208416832,-0.5971943887775549,-0.5891783567134269,-0.5811623246492986,-0.5731462925851704,-0.5651302605210421,-0.557114228456914,-0.5490981963927858,-0.5410821643286575,-0.5330661322645291,-0.5250501002004009,-0.5170340681362726,-0.5090180360721444,-0.5010020040080161,-0.4929859719438878,-0.48496993987975956,-0.4769539078156313,-0.468937875751503,-0.4609218436873747,-0.45290581162324645,-0.4448897795591182,-0.4368737474949899,-0.4288577154308616,-0.42084168336673333,-0.41282565130260507,-0.404809619238477,-0.39679358717434876,-0.38877755511022044,-0.3807615230460922,-0.3727454909819639,-0.36472945891783565,-0.3567134268537074,-0.3486973947895791,-0.3406813627254508,-0.33266533066132253,-0.3246492985971945,-0.3166332665330662,-0.30861723446893796,-0.30060120240480964,-0.2925851703406814,-0.2845691382765531,-0.27655310621242485,-0.2685370741482966,-0.26052104208416826,-0.2525050100200402,-0.24448897795591196,-0.23647294589178366,-0.2284569138276554,-0.22044088176352714,-0.21242484969939884,-0.20440881763527058,-0.19639278557114231,-0.18837675350701402,-0.18036072144288576,-0.17234468937875747,-0.1643286573146292,-0.15631262525050094,-0.14829659318637264,-0.14028056112224438,-0.13226452905811611,-0.12424849699398782,-0.11623246492985956,-0.10821643286573128,-0.10020040080160322,-0.09218436873747494,-0.08416833667334667,-0.07615230460921861,-0.06813627254509033,-0.06012024048096206,-0.05210420841683379,-0.044088176352705295,-0.036072144288577024,-0.02805611222444918,-0.020040080160320904,-0.01202404809619263,-0.004008016032064354,0.004008016032063921,0.012024048096192196,0.02004008016032047,0.028056112224448745,0.036072144288577024,0.044088176352705295,0.05210420841683357,0.060120240480961845,0.06813627254509012,0.0761523046092184,0.08416833667334667,0.09218436873747494,0.10020040080160322,0.10821643286573149,0.11623246492985977,0.12424849699398804,0.1322645290581163,0.1402805611222446,0.14829659318637287,0.15631262525050116,0.16432865731462942,0.1723446893787577,0.18036072144288598,0.18837675350701424,0.1963927855711425,0.2044088176352708,0.21242484969939907,0.22044088176352733,0.22845691382765562,0.2364729458917839,0.24448897795591218,0.25250501002004044,0.2605210420841687,0.268537074148297,0.27655310621242485,0.2845691382765531,0.2925851703406814,0.30060120240480964,0.30861723446893796,0.3166332665330658,0.32464929859719405,0.3326653306613223,0.3406813627254506,0.3486973947895789,0.35671342685370716,0.3647294589178354,0.3727454909819637,0.38076152304609195,0.3887775551102203,0.39679358717434854,0.4048096192384768,0.41282565130260507,0.42084168336673333,0.4288577154308616,0.4368737474949899,0.4448897795591182,0.45290581162324645,0.4609218436873747,0.468937875751503,0.4769539078156313,0.48496993987975956,0.4929859719438878,0.5010020040080161,0.5090180360721444,0.5170340681362726,0.5250501002004009,0.5330661322645291,0.5410821643286575,0.5490981963927858,0.557114228456914,0.5651302605210423,0.5731462925851706,0.5811623246492984,0.5891783567134267,0.5971943887775549,0.6052104208416832,0.6132264529058116,0.6212424849699398,0.6292585170340681,0.6372745490981964,0.6452905811623246,0.6533066132264529,0.6613226452905812,0.6693386773547094,0.6773547094188377,0.685370741482966,0.6933867735470942,0.7014028056112226,0.7094188376753509,0.7174348697394791,0.7254509018036074,0.7334669338677356,0.7414829659318639,0.7494989979959922,0.7575150300601204,0.7655310621242487,0.773547094188377,0.7815631262525052,0.7895791583166336,0.7975951903807619,0.8056112224448901,0.8136272545090184,0.8216432865731462,0.8296593186372745,0.8376753507014028,0.845691382765531,0.8537074148296593,0.8617234468937875,0.8697394789579159,0.8777555110220437,0.885771543086172,0.8937875751503003,0.9018036072144285,0.9098196392785568,0.9178356713426851,0.9258517034068133,0.9338677354709416,0.94188376753507,0.9498997995991982,0.9579158316633265,0.9659318637274548,0.973947895791583,0.9819639278557113,0.9899799599198396,0.9979959919839678,1.006012024048096,1.0140280561122244,1.0220440881763526,1.0300601202404809,1.0380761523046091,1.0460921843687374,1.0541082164328657,1.062124248496994,1.0701402805611224,1.0781563126252507,1.086172344689379,1.0941883767535072,1.1022044088176355,1.1102204408817637,1.118236472945892,1.1262525050100203,1.1342685370741485,1.1422845691382768,1.150300601202405,1.1583166332665333,1.1663326653306616,1.1743486973947899,1.1823647294589181,1.190380761523046,1.1983967935871742,